{
  "type": "minecraft:crafting_shaped",
  "category": "equipment",
  "pattern": [
    " S ",
    "RIR",
    "LHL"
  ],
  "key": {
    "S": "minecraft:stick",
    "R": "minecraft:redstone",
    "I": "minecraft:iron_nugget",
    "L": "minecraft:leather",
    "H": "minecraft:leather_helmet"
  },
  "result": {
    "id": "minecraft:name_tag",
    "count": 1,
    "components": {
      "minecraft:item_name": "'Propeller Hat'",
      "minecraft:custom_model_data": 2,
      "minecraft:equippable": {
        "slot": "head",
        "dispensable": true,
        "swappable": true,
        "damage_on_hurt": false
      },
      "minecraft:max_stack_size": 1
    }
  }
}
