{
  "type": "minecraft:crafting_shaped",
  "category": "equipment",
  "group": "hats",
  "pattern": [
    " L ",
    " W ",
    "LHL"
  ],
  "key": {
    "L": "minecraft:leather",
    "W": "minecraft:white_dye",
    "H": "minecraft:leather_helmet"
  },
  "result": {
    "id": "minecraft:name_tag",
    "count": 1,
    "components": {
      "minecraft:item_name": "'Top Hat'",
      "minecraft:custom_model_data": 1,
      "minecraft:equippable": {
        "slot": "head",
        "dispensable": true,
        "swappable": true,
        "damage_on_hurt": false
      },
      "minecraft:max_stack_size": 1
    }
  }
}

