{
	"credit": "Made with Blockbench",
	"texture_size": [64, 64],
	"textures": {
		"1": "tophat",
		"particle": "tophat"
	},
	"elements": [
		{
			"name": "TopHatBase1",
			"from": [3, 0, 2],
			"to": [13, 1, 14],
			"rotation": {"angle": 0, "axis": "y", "origin": [8, 1, 8]},
			"faces": {
				"north": {"uv": [3, 3, 5.5, 3.25], "texture": "#1"},
				"east": {"uv": [0, 3, 3, 3.25], "texture": "#1"},
				"south": {"uv": [8.5, 3, 11, 3.25], "texture": "#1"},
				"west": {"uv": [5.5, 3, 8.5, 3.25], "texture": "#1"},
				"up": {"uv": [5.5, 3, 3, 0], "texture": "#1"},
				"down": {"uv": [8, 0, 5.5, 3], "texture": "#1"}
			}
		},
		{
			"name": "TopHatBase1",
			"from": [2, 0, 3],
			"to": [3, 1, 13],
			"rotation": {"angle": 0, "axis": "y", "origin": [7, 1, 8]},
			"faces": {
				"north": {"uv": [9, 5.75, 9.25, 6], "texture": "#1"},
				"east": {"uv": [6.5, 5.75, 9, 6], "texture": "#1"},
				"south": {"uv": [11.75, 5.75, 12, 6], "texture": "#1"},
				"west": {"uv": [9.25, 5.75, 11.75, 6], "texture": "#1"},
				"up": {"uv": [9.25, 5.75, 9, 3.25], "texture": "#1"},
				"down": {"uv": [9.5, 3.25, 9.25, 5.75], "texture": "#1"}
			}
		},
		{
			"name": "TopHatBase1",
			"from": [13, 0, 3],
			"to": [14, 1, 13],
			"rotation": {"angle": 0, "axis": "y", "origin": [16, 1, 8]},
			"faces": {
				"north": {"uv": [6, 6.75, 6.25, 7], "texture": "#1"},
				"east": {"uv": [3.5, 6.75, 6, 7], "texture": "#1"},
				"south": {"uv": [8.75, 6.75, 9, 7], "texture": "#1"},
				"west": {"uv": [6.25, 6.75, 8.75, 7], "texture": "#1"},
				"up": {"uv": [6.25, 6.75, 6, 4.25], "texture": "#1"},
				"down": {"uv": [6.5, 4.25, 6.25, 6.75], "texture": "#1"}
			}
		},
		{
			"name": "TopHatMain",
			"from": [5, 1, 5],
			"to": [11, 9, 11],
			"rotation": {"angle": 0, "axis": "x", "origin": [7, 1, 7]},
			"faces": {
				"north": {"uv": [1.5, 4.75, 3, 6.75], "texture": "#1"},
				"east": {"uv": [0, 4.75, 1.5, 6.75], "texture": "#1"},
				"south": {"uv": [4.5, 4.75, 6, 6.75], "texture": "#1"},
				"west": {"uv": [3, 4.75, 4.5, 6.75], "texture": "#1"},
				"up": {"uv": [3, 4.75, 1.5, 3.25], "texture": "#1"},
				"down": {"uv": [4.5, 3.25, 3, 4.75], "texture": "#1"}
			}
		}
	],
	"display": {
		"thirdperson_righthand": {
			"translation": [0, 4.25, -3.5],
			"scale": [0.8, 0.8, 0.8]
		},
		"thirdperson_lefthand": {
			"translation": [0, 4.25, -3.5],
			"scale": [0.8, 0.8, 0.8]
		},
		"firstperson_righthand": {
			"translation": [-2.25, 5, 0],
			"scale": [0.8, 0.8, 0.8]
		},
		"firstperson_lefthand": {
			"translation": [-2.25, 5, 0],
			"scale": [0.8, 0.8, 0.8]
		},
		"ground": {
			"translation": [0, 5.25, 0]
		},
		"gui": {
			"rotation": [20, 45, 0],
			"translation": [0, 3.75, 0]
		},
		"head": {
			"translation": [0, 19, 0],
			"scale": [1.5918, 1.5918, 1.5918]
		},
		"fixed": {
			"translation": [0, 3.25, 0]
		}
	},
	"groups": [
		{
			"name": "TopHat",
			"origin": [8, 32.25, 8],
			"color": 0,
			"children": [
				{
					"name": "Base",
					"origin": [8, 8, 8],
					"color": 0,
					"children": [0, 1, 2]
				},
				3
			]
		}
	]
}