{
  "type": "minecraft:crafting_shaped",
  "category": "equipment",
  "pattern": [
    " S",
    "RIR",
    "LHL"
  ],
  "key": {
    "S": [
      "minecraft:stick"
    ],
    "R": [
      "minecraft:redstone"
    ],
    "I": [
      "minecraft:iron_nugget"
    ],
    "L": [
      "minecraft:leather"
    ],
    "H": [
      "minecraft:leather_helmet"
    ]
  },
  "result": {
    "id": "minecraft:poisonous_potato",
    "components": {
      "minecraft:item_model": "propellerhat",
      "minecraft:item_name": "\"'Propeller Hat'\"",
      "minecraft:equippable": {
        "slot": "head",
        "dispensable": true,
        "swappable": true,
        "damage_on_hurt": false
      },
      "!minecraft:consumable": {}
    },
    "count": 1
  }
}
