{
	"credit": "Made with Blockbench",
	"texture_size": [64, 64],
	"textures": {
		"1": "hats/propellerhat",
		"particle": "propellerhat"
	},
	"elements": [
		{
			"name": "PropellerPart1",
			"from": [2, 7.5, 7],
			"to": [14, 7.75, 9],
			"rotation": {"angle": 0, "axis": "y", "origin": [2, 7.5, 7]},
			"faces": {
				"north": {"uv": [12.5, 10.5, 15.5, 10.75], "texture": "#1"},
				"east": {"uv": [8.5, 7.25, 9, 7.5], "texture": "#1"},
				"south": {"uv": [12.5, 10.75, 15.5, 11], "texture": "#1"},
				"west": {"uv": [2.5, 10.25, 3, 10.5], "texture": "#1"},
				"up": {"uv": [12, 9, 9, 8.5], "texture": "#1"},
				"down": {"uv": [12, 9, 9, 9.5], "texture": "#1"}
			}
		},
		{
			"name": "PropellerPart2",
			"from": [9.0007, 7.5007, 6.0007],
			"to": [12.9993, 7.7493, 9.9993],
			"rotation": {"angle": 0, "axis": "y", "origin": [2, 7.5, 7]},
			"faces": {
				"north": {"uv": [7.5, 7.25, 8.5, 7.5], "texture": "#1"},
				"east": {"uv": [11, 7.75, 12, 8], "texture": "#1"},
				"south": {"uv": [11, 8, 12, 8.25], "texture": "#1"},
				"west": {"uv": [11, 8.25, 12, 8.5], "texture": "#1"},
				"up": {"uv": [6.5, 11.5, 5.5, 10.5], "texture": "#1"},
				"down": {"uv": [11.5, 5.75, 10.5, 6.75], "texture": "#1"}
			}
		},
		{
			"name": "PropellerPart3",
			"from": [3.0007, 7.5007, 6.0007],
			"to": [6.9993, 7.7493, 9.9993],
			"rotation": {"angle": 0, "axis": "y", "origin": [2, 7.5, 7]},
			"faces": {
				"north": {"uv": [8, 12.5, 9, 12.75], "texture": "#1"},
				"east": {"uv": [8, 12.75, 9, 13], "texture": "#1"},
				"south": {"uv": [4.5, 13.25, 5.5, 13.5], "texture": "#1"},
				"west": {"uv": [13.5, 1.75, 14.5, 2], "texture": "#1"},
				"up": {"uv": [7.5, 11.5, 6.5, 10.5], "texture": "#1"},
				"down": {"uv": [8.5, 10.5, 7.5, 11.5], "texture": "#1"}
			}
		},
		{
			"name": "PropellerPart2",
			"from": [2, 7.5, 7],
			"to": [14, 7.75, 9],
			"rotation": {"angle": -22.5, "axis": "y", "origin": [8, 7.625, 8]},
			"faces": {
				"north": {"uv": [12.5, 11.5, 15.5, 11.75], "texture": "#1"},
				"east": {"uv": [11, 1, 11.5, 1.25], "texture": "#1"},
				"south": {"uv": [12.5, 11.75, 15.5, 12], "texture": "#1"},
				"west": {"uv": [3, 14.5, 3.5, 14.75], "texture": "#1"},
				"up": {"uv": [12, 10, 9, 9.5], "texture": "#1"},
				"down": {"uv": [3, 9.75, 0, 10.25], "texture": "#1"}
			}
		},
		{
			"name": "PropellerPart3",
			"from": [9.0007, 7.5007, 6.0007],
			"to": [12.9993, 7.7493, 9.9993],
			"rotation": {"angle": -22.5, "axis": "y", "origin": [8, 7.625, 8]},
			"faces": {
				"north": {"uv": [13.5, 2, 14.5, 2.25], "texture": "#1"},
				"east": {"uv": [13.5, 2.25, 14.5, 2.5], "texture": "#1"},
				"south": {"uv": [13.5, 2.5, 14.5, 2.75], "texture": "#1"},
				"west": {"uv": [13.5, 2.75, 14.5, 3], "texture": "#1"},
				"up": {"uv": [11.5, 11, 10.5, 10], "texture": "#1"},
				"down": {"uv": [12, 0, 11, 1], "texture": "#1"}
			}
		},
		{
			"name": "PropellerPart4",
			"from": [3.0007, 7.5007, 6.0007],
			"to": [6.9993, 7.7493, 9.9993],
			"rotation": {"angle": -22.5, "axis": "y", "origin": [8, 7.625, 8]},
			"faces": {
				"north": {"uv": [13.5, 3.25, 14.5, 3.5], "texture": "#1"},
				"east": {"uv": [13.5, 3.5, 14.5, 3.75], "texture": "#1"},
				"south": {"uv": [13.5, 3.75, 14.5, 4], "texture": "#1"},
				"west": {"uv": [13.5, 4, 14.5, 4.25], "texture": "#1"},
				"up": {"uv": [3.5, 12, 2.5, 11], "texture": "#1"},
				"down": {"uv": [4.5, 11, 3.5, 12], "texture": "#1"}
			}
		},
		{
			"name": "PropellerPart3",
			"from": [2, 7.5, 7],
			"to": [14, 7.75, 9],
			"rotation": {"angle": -45, "axis": "y", "origin": [8, 7.625, 8]},
			"faces": {
				"north": {"uv": [12.5, 12, 15.5, 12.25], "texture": "#1"},
				"east": {"uv": [14.5, 3, 15, 3.25], "texture": "#1"},
				"south": {"uv": [12.5, 12.25, 15.5, 12.5], "texture": "#1"},
				"west": {"uv": [14.5, 3.25, 15, 3.5], "texture": "#1"},
				"up": {"uv": [6, 10.5, 3, 10], "texture": "#1"},
				"down": {"uv": [9, 10, 6, 10.5], "texture": "#1"}
			}
		},
		{
			"name": "PropellerPart4",
			"from": [9.0007, 7.5007, 6.0007],
			"to": [12.9993, 7.7493, 9.9993],
			"rotation": {"angle": -45, "axis": "y", "origin": [8, 7.625, 8]},
			"faces": {
				"north": {"uv": [13.5, 4.25, 14.5, 4.5], "texture": "#1"},
				"east": {"uv": [4.5, 13.5, 5.5, 13.75], "texture": "#1"},
				"south": {"uv": [13.5, 4.5, 14.5, 4.75], "texture": "#1"},
				"west": {"uv": [13.5, 4.75, 14.5, 5], "texture": "#1"},
				"up": {"uv": [5.5, 12, 4.5, 11], "texture": "#1"},
				"down": {"uv": [12, 6.75, 11, 7.75], "texture": "#1"}
			}
		},
		{
			"name": "PropellerPart5",
			"from": [3.0007, 7.5007, 6.0007],
			"to": [6.9993, 7.7493, 9.9993],
			"rotation": {"angle": -45, "axis": "y", "origin": [8, 7.625, 8]},
			"faces": {
				"north": {"uv": [13.5, 5, 14.5, 5.25], "texture": "#1"},
				"east": {"uv": [13.5, 5.25, 14.5, 5.5], "texture": "#1"},
				"south": {"uv": [5.5, 13.5, 6.5, 13.75], "texture": "#1"},
				"west": {"uv": [13.5, 5.5, 14.5, 5.75], "texture": "#1"},
				"up": {"uv": [11.5, 12, 10.5, 11], "texture": "#1"},
				"down": {"uv": [12.5, 1, 11.5, 2], "texture": "#1"}
			}
		},
		{
			"name": "PropellerPart4",
			"from": [7, 7.5, 2],
			"to": [9, 7.75, 14],
			"rotation": {"angle": 22.5, "axis": "y", "origin": [8, 7.625, 8]},
			"faces": {
				"north": {"uv": [3.5, 14.5, 4, 14.75], "texture": "#1"},
				"east": {"uv": [12.5, 12.5, 15.5, 12.75], "texture": "#1"},
				"south": {"uv": [14.5, 3.5, 15, 3.75], "texture": "#1"},
				"west": {"uv": [12.5, 12.75, 15.5, 13], "texture": "#1"},
				"up": {"uv": [9.5, 13, 9, 10], "texture": "#1"},
				"down": {"uv": [10, 10, 9.5, 13], "texture": "#1"}
			}
		},
		{
			"name": "PropellerPart5",
			"from": [6.0007, 7.5007, 9.0007],
			"to": [9.9993, 7.7493, 12.9993],
			"rotation": {"angle": 22.5, "axis": "y", "origin": [8, 7.625, 8]},
			"faces": {
				"north": {"uv": [13.5, 5.75, 14.5, 6], "texture": "#1"},
				"east": {"uv": [13.5, 6, 14.5, 6.25], "texture": "#1"},
				"south": {"uv": [13.5, 6.25, 14.5, 6.5], "texture": "#1"},
				"west": {"uv": [13.5, 6.5, 14.5, 6.75], "texture": "#1"},
				"up": {"uv": [12.5, 3, 11.5, 2], "texture": "#1"},
				"down": {"uv": [6.5, 11.5, 5.5, 12.5], "texture": "#1"}
			}
		},
		{
			"name": "PropellerPart6",
			"from": [6.0007, 7.5007, 3.0007],
			"to": [9.9993, 7.7493, 6.9993],
			"rotation": {"angle": 22.5, "axis": "y", "origin": [8, 7.625, 8]},
			"faces": {
				"north": {"uv": [8, 13.5, 9, 13.75], "texture": "#1"},
				"east": {"uv": [9, 13.5, 10, 13.75], "texture": "#1"},
				"south": {"uv": [11.5, 13.5, 12.5, 13.75], "texture": "#1"},
				"west": {"uv": [12.5, 13.5, 13.5, 13.75], "texture": "#1"},
				"up": {"uv": [12.5, 6.75, 11.5, 5.75], "texture": "#1"},
				"down": {"uv": [7.5, 11.5, 6.5, 12.5], "texture": "#1"}
			}
		},
		{
			"name": "PropellerPart5",
			"from": [7, 7.5, 2],
			"to": [9, 7.75, 14],
			"rotation": {"angle": 0, "axis": "y", "origin": [8, 7.625, 8]},
			"faces": {
				"north": {"uv": [14.5, 3.75, 15, 4], "texture": "#1"},
				"east": {"uv": [13, 0, 16, 0.25], "texture": "#1"},
				"south": {"uv": [4, 14.5, 4.5, 14.75], "texture": "#1"},
				"west": {"uv": [13, 0.25, 16, 0.5], "texture": "#1"},
				"up": {"uv": [10.5, 13, 10, 10], "texture": "#1"},
				"down": {"uv": [0.5, 10.25, 0, 13.25], "texture": "#1"}
			}
		},
		{
			"name": "PropellerPart6",
			"from": [6.0007, 7.5007, 9.0007],
			"to": [9.9993, 7.7493, 12.9993],
			"rotation": {"angle": 0, "axis": "y", "origin": [8, 7.625, 8]},
			"faces": {
				"north": {"uv": [13.5, 13.25, 14.5, 13.5], "texture": "#1"},
				"east": {"uv": [13.5, 13.5, 14.5, 13.75], "texture": "#1"},
				"south": {"uv": [4.5, 13.75, 5.5, 14], "texture": "#1"},
				"west": {"uv": [5.5, 13.75, 6.5, 14], "texture": "#1"},
				"up": {"uv": [8.5, 12.5, 7.5, 11.5], "texture": "#1"},
				"down": {"uv": [12.5, 10, 11.5, 11], "texture": "#1"}
			}
		},
		{
			"name": "PropellerPart7",
			"from": [6.0007, 7.5007, 3.0007],
			"to": [9.9993, 7.7493, 6.9993],
			"rotation": {"angle": 0, "axis": "y", "origin": [8, 7.625, 8]},
			"faces": {
				"north": {"uv": [8, 13.75, 9, 14], "texture": "#1"},
				"east": {"uv": [9, 13.75, 10, 14], "texture": "#1"},
				"south": {"uv": [11.5, 13.75, 12.5, 14], "texture": "#1"},
				"west": {"uv": [12.5, 13.75, 13.5, 14], "texture": "#1"},
				"up": {"uv": [12.5, 12, 11.5, 11], "texture": "#1"},
				"down": {"uv": [13, 0, 12, 1], "texture": "#1"}
			}
		},
		{
			"name": "PropellerPart6",
			"from": [7, 7.5, 2],
			"to": [9, 7.75, 14],
			"rotation": {"angle": -22.5, "axis": "y", "origin": [8, 7.625, 8]},
			"faces": {
				"north": {"uv": [14.5, 4, 15, 4.25], "texture": "#1"},
				"east": {"uv": [13, 0.5, 16, 0.75], "texture": "#1"},
				"south": {"uv": [14.5, 4.25, 15, 4.5], "texture": "#1"},
				"west": {"uv": [13, 0.75, 16, 1], "texture": "#1"},
				"up": {"uv": [1, 13.25, 0.5, 10.25], "texture": "#1"},
				"down": {"uv": [1.5, 10.25, 1, 13.25], "texture": "#1"}
			}
		},
		{
			"name": "PropellerPart7",
			"from": [6.0007, 7.5007, 9.0007],
			"to": [9.9993, 7.7493, 12.9993],
			"rotation": {"angle": -22.5, "axis": "y", "origin": [8, 7.625, 8]},
			"faces": {
				"north": {"uv": [13.5, 13.75, 14.5, 14], "texture": "#1"},
				"east": {"uv": [4.5, 14, 5.5, 14.25], "texture": "#1"},
				"south": {"uv": [5.5, 14, 6.5, 14.25], "texture": "#1"},
				"west": {"uv": [8, 14, 9, 14.25], "texture": "#1"},
				"up": {"uv": [3.5, 13, 2.5, 12], "texture": "#1"},
				"down": {"uv": [4.5, 12, 3.5, 13], "texture": "#1"}
			}
		},
		{
			"name": "PropellerPart8",
			"from": [6.0007, 7.5007, 3.0007],
			"to": [9.9993, 7.7493, 6.9993],
			"rotation": {"angle": -22.5, "axis": "y", "origin": [8, 7.625, 8]},
			"faces": {
				"north": {"uv": [9, 14, 10, 14.25], "texture": "#1"},
				"east": {"uv": [11.5, 14, 12.5, 14.25], "texture": "#1"},
				"south": {"uv": [12.5, 14, 13.5, 14.25], "texture": "#1"},
				"west": {"uv": [14, 13, 15, 13.25], "texture": "#1"},
				"up": {"uv": [5.5, 13, 4.5, 12], "texture": "#1"},
				"down": {"uv": [13, 6.75, 12, 7.75], "texture": "#1"}
			}
		},
		{
			"name": "PropellerPart7",
			"from": [7, 7.5, 2],
			"to": [9, 7.75, 14],
			"rotation": {"angle": -45, "axis": "y", "origin": [8, 7.625, 8]},
			"faces": {
				"north": {"uv": [4.5, 14.5, 5, 14.75], "texture": "#1"},
				"east": {"uv": [2.5, 13, 5.5, 13.25], "texture": "#1"},
				"south": {"uv": [14.5, 4.5, 15, 4.75], "texture": "#1"},
				"west": {"uv": [13, 6.75, 16, 7], "texture": "#1"},
				"up": {"uv": [2, 13.25, 1.5, 10.25], "texture": "#1"},
				"down": {"uv": [2.5, 10.25, 2, 13.25], "texture": "#1"}
			}
		},
		{
			"name": "PropellerPart8",
			"from": [6.0007, 7.5007, 9.0007],
			"to": [9.9993, 7.7493, 12.9993],
			"rotation": {"angle": -45, "axis": "y", "origin": [8, 7.625, 8]},
			"faces": {
				"north": {"uv": [13.5, 14, 14.5, 14.25], "texture": "#1"},
				"east": {"uv": [4.5, 14.25, 5.5, 14.5], "texture": "#1"},
				"south": {"uv": [5.5, 14.25, 6.5, 14.5], "texture": "#1"},
				"west": {"uv": [8, 14.25, 9, 14.5], "texture": "#1"},
				"up": {"uv": [13, 8.75, 12, 7.75], "texture": "#1"},
				"down": {"uv": [13, 8.75, 12, 9.75], "texture": "#1"}
			}
		},
		{
			"name": "PropellerPart9",
			"from": [6.0007, 7.5007, 3.0007],
			"to": [9.9993, 7.7493, 6.9993],
			"rotation": {"angle": -45, "axis": "y", "origin": [8, 7.625, 8]},
			"faces": {
				"north": {"uv": [9, 14.25, 10, 14.5], "texture": "#1"},
				"east": {"uv": [11.5, 14.25, 12.5, 14.5], "texture": "#1"},
				"south": {"uv": [12.5, 14.25, 13.5, 14.5], "texture": "#1"},
				"west": {"uv": [13.5, 14.25, 14.5, 14.5], "texture": "#1"},
				"up": {"uv": [11.5, 13, 10.5, 12], "texture": "#1"},
				"down": {"uv": [12.5, 12, 11.5, 13], "texture": "#1"}
			}
		},
		{
			"name": "PropellerPart8",
			"from": [2, 7.5, 7],
			"to": [14, 7.75, 9],
			"rotation": {"angle": 22.5, "axis": "y", "origin": [8, 7.625, 8]},
			"faces": {
				"north": {"uv": [13, 7, 16, 7.25], "texture": "#1"},
				"east": {"uv": [14.5, 4.75, 15, 5], "texture": "#1"},
				"south": {"uv": [13, 7.25, 16, 7.5], "texture": "#1"},
				"west": {"uv": [5, 14.5, 5.5, 14.75], "texture": "#1"},
				"up": {"uv": [5.5, 11, 2.5, 10.5], "texture": "#1"},
				"down": {"uv": [13.5, 3.25, 10.5, 3.75], "texture": "#1"}
			}
		},
		{
			"name": "PropellerPart9",
			"from": [3.0007, 7.5007, 6.0007],
			"to": [6.9993, 7.7493, 9.9993],
			"rotation": {"angle": 22.5, "axis": "y", "origin": [8, 7.625, 8]},
			"faces": {
				"north": {"uv": [0, 14.5, 1, 14.75], "texture": "#1"},
				"east": {"uv": [1, 14.5, 2, 14.75], "texture": "#1"},
				"south": {"uv": [14.5, 1.75, 15.5, 2], "texture": "#1"},
				"west": {"uv": [2, 14.5, 3, 14.75], "texture": "#1"},
				"up": {"uv": [13.5, 2, 12.5, 1], "texture": "#1"},
				"down": {"uv": [13.5, 2, 12.5, 3], "texture": "#1"}
			}
		},
		{
			"name": "PropellerPart10",
			"from": [9.0007, 7.5007, 6.0007],
			"to": [12.9993, 7.7493, 9.9993],
			"rotation": {"angle": 22.5, "axis": "y", "origin": [8, 7.625, 8]},
			"faces": {
				"north": {"uv": [14.5, 2, 15.5, 2.25], "texture": "#1"},
				"east": {"uv": [14.5, 2.25, 15.5, 2.5], "texture": "#1"},
				"south": {"uv": [14.5, 2.5, 15.5, 2.75], "texture": "#1"},
				"west": {"uv": [14.5, 2.75, 15.5, 3], "texture": "#1"},
				"up": {"uv": [6.5, 13.5, 5.5, 12.5], "texture": "#1"},
				"down": {"uv": [13.5, 5.75, 12.5, 6.75], "texture": "#1"}
			}
		},
		{
			"name": "Propeller9",
			"from": [7.5, 6, 7.5],
			"to": [8.5, 8.25, 8.5],
			"rotation": {"angle": 0, "axis": "y", "origin": [8, -2, 8]},
			"faces": {
				"north": {"uv": [10.5, 6.75, 10.75, 7.25], "texture": "#1"},
				"east": {"uv": [10.75, 6.75, 11, 7.25], "texture": "#1"},
				"south": {"uv": [10, 14.25, 10.25, 14.75], "texture": "#1"},
				"west": {"uv": [10.25, 14.25, 10.5, 14.75], "texture": "#1"},
				"up": {"uv": [6, 14.75, 5.75, 14.5], "texture": "#1"},
				"down": {"uv": [14.75, 5.75, 14.5, 6], "texture": "#1"}
			}
		},
		{
			"name": "Hat1",
			"from": [2, 0, 2],
			"to": [14, 5, 14],
			"rotation": {"angle": 0, "axis": "y", "origin": [8, 5, 8]},
			"faces": {
				"north": {"uv": [0, 6, 3, 7.25], "texture": "#1"},
				"east": {"uv": [0, 7.25, 3, 8.5], "texture": "#1"},
				"south": {"uv": [3, 7.5, 6, 8.75], "texture": "#1"},
				"west": {"uv": [7.5, 3.5, 10.5, 4.75], "texture": "#1"},
				"up": {"uv": [3, 3, 0, 0], "texture": "#1"},
				"down": {"uv": [3, 3, 0, 6], "texture": "#1"}
			}
		},
		{
			"name": "Hat2",
			"from": [3, 0, 14],
			"to": [13, 5, 15],
			"rotation": {"angle": 0, "axis": "y", "origin": [8, 5, 8]},
			"faces": {
				"north": {"uv": [3, 6, 5.5, 7.25], "texture": "#1"},
				"east": {"uv": [4, 13.25, 4.25, 14.5], "texture": "#1"},
				"south": {"uv": [8.5, 0, 11, 1.25], "texture": "#1"},
				"west": {"uv": [4.25, 13.25, 4.5, 14.5], "texture": "#1"},
				"up": {"uv": [15.5, 9.75, 13, 9.5], "texture": "#1"},
				"down": {"uv": [14, 13, 11.5, 13.25], "texture": "#1"}
			}
		},
		{
			"name": "Hat3",
			"from": [2.0008, 0.0008, 14.0008],
			"to": [13.9992, 3.9992, 14.9992],
			"rotation": {"angle": 0, "axis": "y", "origin": [8, 5, 8]},
			"faces": {
				"north": {"uv": [8.5, 1.25, 11.5, 2.25], "texture": "#1"},
				"east": {"uv": [10, 13.25, 10.25, 14.25], "texture": "#1"},
				"south": {"uv": [8.5, 2.25, 11.5, 3.25], "texture": "#1"},
				"west": {"uv": [10.25, 13.25, 10.5, 14.25], "texture": "#1"},
				"up": {"uv": [15.5, 11.25, 12.5, 11], "texture": "#1"},
				"down": {"uv": [15.5, 11.25, 12.5, 11.5], "texture": "#1"}
			}
		},
		{
			"name": "Hat4",
			"from": [3, 5, 2],
			"to": [13, 6, 14],
			"rotation": {"angle": 0, "axis": "y", "origin": [8, -3, 8]},
			"faces": {
				"north": {"uv": [3, 7.25, 5.5, 7.5], "texture": "#1"},
				"east": {"uv": [11.5, 3, 14.5, 3.25], "texture": "#1"},
				"south": {"uv": [13, 7.5, 15.5, 7.75], "texture": "#1"},
				"west": {"uv": [12, 9.75, 15, 10], "texture": "#1"},
				"up": {"uv": [5.5, 3, 3, 0], "texture": "#1"},
				"down": {"uv": [5.5, 3, 3, 6], "texture": "#1"}
			}
		},
		{
			"name": "Hat5",
			"from": [2, 5, 3],
			"to": [3, 6, 13],
			"rotation": {"angle": 0, "axis": "y", "origin": [-3, -3, 8]},
			"faces": {
				"north": {"uv": [5.5, 14.5, 5.75, 14.75], "texture": "#1"},
				"east": {"uv": [13, 8, 15.5, 8.25], "texture": "#1"},
				"south": {"uv": [14.5, 5.5, 14.75, 5.75], "texture": "#1"},
				"west": {"uv": [13, 8.25, 15.5, 8.5], "texture": "#1"},
				"up": {"uv": [11.25, 15.5, 11, 13], "texture": "#1"},
				"down": {"uv": [11.5, 13, 11.25, 15.5], "texture": "#1"}
			}
		},
		{
			"name": "Hat6",
			"from": [13, 5, 3],
			"to": [14, 6, 13],
			"rotation": {"angle": 0, "axis": "y", "origin": [8, -3, 8]},
			"faces": {
				"north": {"uv": [14.5, 5, 14.75, 5.25], "texture": "#1"},
				"east": {"uv": [13, 7.75, 15.5, 8], "texture": "#1"},
				"south": {"uv": [14.5, 5.25, 14.75, 5.5], "texture": "#1"},
				"west": {"uv": [8, 13, 10.5, 13.25], "texture": "#1"},
				"up": {"uv": [10.75, 15.5, 10.5, 13], "texture": "#1"},
				"down": {"uv": [11, 13, 10.75, 15.5], "texture": "#1"}
			}
		},
		{
			"name": "Brim1",
			"from": [2, 0, -5],
			"to": [14, 1, 2],
			"rotation": {"angle": 0, "axis": "y", "origin": [8, 5, 8]},
			"faces": {
				"north": {"uv": [12.5, 10, 15.5, 10.25], "texture": "#1"},
				"east": {"uv": [13.5, 1.25, 15.25, 1.5], "texture": "#1"},
				"south": {"uv": [12.5, 10.25, 15.5, 10.5], "texture": "#1"},
				"west": {"uv": [13.5, 1.5, 15.25, 1.75], "texture": "#1"},
				"up": {"uv": [8.5, 1.75, 5.5, 0], "texture": "#1"},
				"down": {"uv": [8.5, 1.75, 5.5, 3.5], "texture": "#1"}
			}
		},
		{
			"name": "Brim2",
			"from": [3, 0, -6],
			"to": [13, 1, -5],
			"rotation": {"angle": 0, "axis": "y", "origin": [8, 5, 8]},
			"faces": {
				"north": {"uv": [13, 8.5, 15.5, 8.75], "texture": "#1"},
				"east": {"uv": [6, 14.5, 6.25, 14.75], "texture": "#1"},
				"south": {"uv": [13, 8.75, 15.5, 9], "texture": "#1"},
				"west": {"uv": [14.5, 6, 14.75, 6.25], "texture": "#1"},
				"up": {"uv": [15.5, 9.25, 13, 9], "texture": "#1"},
				"down": {"uv": [15.5, 9.25, 13, 9.5], "texture": "#1"}
			}
		},
		{
			"name": "Inside1",
			"from": [2.0008, 0.0008, 2.0008],
			"to": [13.9992, 4.9992, 3.9992],
			"faces": {
				"north": {"uv": [7.5, 4.75, 10.5, 6], "texture": "#1"},
				"east": {"uv": [0, 13.25, 0.5, 14.5], "texture": "#1"},
				"south": {"uv": [6, 7.5, 9, 8.75], "texture": "#1"},
				"west": {"uv": [0.5, 13.25, 1, 14.5], "texture": "#1"},
				"up": {"uv": [13.5, 4.25, 10.5, 3.75], "texture": "#1"},
				"down": {"uv": [13.5, 4.25, 10.5, 4.75], "texture": "#1"}
			}
		},
		{
			"name": "Inside2",
			"from": [2.0008, 0.0008, 12.0008],
			"to": [13.9992, 4.9992, 13.9992],
			"faces": {
				"north": {"uv": [7.5, 6, 10.5, 7.25], "texture": "#1"},
				"east": {"uv": [1, 13.25, 1.5, 14.5], "texture": "#1"},
				"south": {"uv": [0, 8.5, 3, 9.75], "texture": "#1"},
				"west": {"uv": [1.5, 13.25, 2, 14.5], "texture": "#1"},
				"up": {"uv": [13.5, 5.25, 10.5, 4.75], "texture": "#1"},
				"down": {"uv": [13.5, 5.25, 10.5, 5.75], "texture": "#1"}
			}
		},
		{
			"name": "Inside3",
			"from": [12.0008, 0.0008, 4.0008],
			"to": [13.9992, 4.9992, 11.9992],
			"faces": {
				"north": {"uv": [2, 13.25, 2.5, 14.5], "texture": "#1"},
				"east": {"uv": [3, 8.75, 5, 10], "texture": "#1"},
				"south": {"uv": [2.5, 13.25, 3, 14.5], "texture": "#1"},
				"west": {"uv": [5, 8.75, 7, 10], "texture": "#1"},
				"up": {"uv": [9, 12.5, 8.5, 10.5], "texture": "#1"},
				"down": {"uv": [7, 12.5, 6.5, 14.5], "texture": "#1"}
			}
		},
		{
			"name": "Inside4",
			"from": [2.0008, 0.0008, 4.0008],
			"to": [3.9992, 4.9992, 11.9992],
			"faces": {
				"north": {"uv": [3, 13.25, 3.5, 14.5], "texture": "#1"},
				"east": {"uv": [7, 8.75, 9, 10], "texture": "#1"},
				"south": {"uv": [3.5, 13.25, 4, 14.5], "texture": "#1"},
				"west": {"uv": [9, 7.25, 11, 8.5], "texture": "#1"},
				"up": {"uv": [7.5, 14.5, 7, 12.5], "texture": "#1"},
				"down": {"uv": [8, 12.5, 7.5, 14.5], "texture": "#1"}
			}
		},
		{
			"name": "Inside5",
			"from": [4.0008, 4.0008, 4.0008],
			"to": [11.9992, 4.9992, 11.9992],
			"faces": {
				"north": {"uv": [8.5, 3.25, 10.5, 3.5], "texture": "#1"},
				"east": {"uv": [8, 13.25, 10, 13.5], "texture": "#1"},
				"south": {"uv": [11.5, 13.25, 13.5, 13.5], "texture": "#1"},
				"west": {"uv": [13.5, 1, 15.5, 1.25], "texture": "#1"},
				"up": {"uv": [7.5, 5.5, 5.5, 3.5], "texture": "#1"},
				"down": {"uv": [7.5, 5.5, 5.5, 7.5], "texture": "#1"}
			}
		}
	],
	"display": {
		"thirdperson_righthand": {
			"rotation": [-125.25, 0, -180],
			"translation": [0, 8.25, -0.5],
			"scale": [0.7, 0.7, 0.7]
		},
		"thirdperson_lefthand": {
			"rotation": [-125.25, 0, -180],
			"translation": [0, 8.25, -0.5],
			"scale": [0.7, 0.7, 0.7]
		},
		"firstperson_righthand": {
			"rotation": [0, 180, 0],
			"translation": [-3.5, 7, -2],
			"scale": [0.7, 0.7, 0.7]
		},
		"firstperson_lefthand": {
			"rotation": [0, 180, 0],
			"translation": [-3.5, 7, -2],
			"scale": [0.7, 0.7, 0.7]
		},
		"ground": {
			"translation": [0, 4.25, 0],
			"scale": [0.75, 0.75, 0.75]
		},
		"gui": {
			"rotation": [20, -145, 0],
			"translation": [-1.5, 2.75, 0],
			"scale": [0.7, 0.7, 0.7]
		},
		"head": {
			"translation": [0, 12.25, 0],
			"scale": [1.12, 1.12, 1.12]
		},
		"fixed": {
			"rotation": [0, 90, 0],
			"translation": [3.25, 4, -1.75],
			"scale": [0.8, 0.8, 0.8]
		}
	},
	"groups": [
		{
			"name": "Propeller",
			"origin": [-3, 0, 8],
			"color": 0,
			"children": [
				{
					"name": "Propeller1",
					"origin": [2, 7.5, 7],
					"color": 0,
					"children": [0, 1, 2]
				},
				{
					"name": "Propeller2",
					"origin": [2, 7.5, 7],
					"color": 0,
					"children": [3, 4, 5]
				},
				{
					"name": "Propeller3",
					"origin": [2, 7.5, 7],
					"color": 0,
					"children": [6, 7, 8]
				},
				{
					"name": "Propeller4",
					"origin": [2, 7.5, 7],
					"color": 0,
					"children": [9, 10, 11]
				},
				{
					"name": "Propeller5",
					"origin": [2, 7.5, 7],
					"color": 0,
					"children": [12, 13, 14]
				},
				{
					"name": "Propeller6",
					"origin": [2, 7.5, 7],
					"color": 0,
					"children": [15, 16, 17]
				},
				{
					"name": "Propeller7",
					"origin": [2, 7.5, 7],
					"color": 0,
					"children": [18, 19, 20]
				},
				{
					"name": "Propeller8",
					"origin": [2, 7.5, 7],
					"color": 0,
					"children": [21, 22, 23]
				},
				24
			]
		},
		{
			"name": "Hat Main",
			"origin": [8, 8, 8],
			"color": 0,
			"children": [25, 26, 27, 28, 29, 30]
		},
		{
			"name": "Brim",
			"origin": [8, 5, 8],
			"color": 0,
			"children": [31, 32]
		},
		{
			"name": "Inside",
			"origin": [8, 8, 8],
			"color": 0,
			"children": [33, 34, 35, 36, 37]
		}
	]
}
