{
	"credit": "Made with Blockbench",
	"texture_size": [64, 64],
	"textures": {
		"0": "hats/propellerhat",
		"particle": "propellerhat"
	},
	"elements": [
		{
			"name": "Propeller1",
			"from": [6, 7.5, 2],
			"to": [10, 7.75, 14],
			"rotation": {"angle": 0, "axis": "y", "origin": [8, -0.5, 8]},
			"faces": {
				"north": {"uv": [6, 4, 7, 4.25], "texture": "#0"},
				"east": {"uv": [9, 6.5, 12, 6.75], "texture": "#0"},
				"south": {"uv": [6, 4.25, 7, 4.5], "texture": "#0"},
				"west": {"uv": [9, 6.75, 12, 7], "texture": "#0"},
				"up": {"uv": [4, 11, 3, 8], "texture": "#0"},
				"down": {"uv": [5, 8, 4, 11], "texture": "#0"}
			}
		},
		{
			"name": "Propeller2",
			"from": [6, 7.5, 2],
			"to": [10, 7.75, 14],
			"rotation": {"angle": -22.5, "axis": "y", "origin": [8, -0.5, 8]},
			"faces": {
				"north": {"uv": [6, 4.5, 7, 4.75], "texture": "#0"},
				"east": {"uv": [0, 10, 3, 10.25], "texture": "#0"},
				"south": {"uv": [6, 4.75, 7, 5], "texture": "#0"},
				"west": {"uv": [10, 9, 13, 9.25], "texture": "#0"},
				"up": {"uv": [9, 7, 8, 4], "texture": "#0"},
				"down": {"uv": [6, 8, 5, 11], "texture": "#0"}
			}
		},
		{
			"name": "Propeller3",
			"from": [6, 7.5, 2],
			"to": [10, 7.75, 14],
			"rotation": {"angle": -45, "axis": "y", "origin": [8, -0.5, 8]},
			"faces": {
				"north": {"uv": [7, 4, 8, 4.25], "texture": "#0"},
				"east": {"uv": [10, 9.25, 13, 9.5], "texture": "#0"},
				"south": {"uv": [7, 4.25, 8, 4.5], "texture": "#0"},
				"west": {"uv": [10, 9.5, 13, 9.75], "texture": "#0"},
				"up": {"uv": [7, 11, 6, 8], "texture": "#0"},
				"down": {"uv": [8, 8, 7, 11], "texture": "#0"}
			}
		},
		{
			"name": "Propeller4",
			"from": [2, 7.5, 6],
			"to": [14, 7.75, 10],
			"rotation": {"angle": 22.5, "axis": "y", "origin": [8, -0.5, 8]},
			"faces": {
				"north": {"uv": [10, 9.75, 13, 10], "texture": "#0"},
				"east": {"uv": [7, 4.5, 8, 4.75], "texture": "#0"},
				"south": {"uv": [10, 10, 13, 10.25], "texture": "#0"},
				"west": {"uv": [7, 4.75, 8, 5], "texture": "#0"},
				"up": {"uv": [11, 8, 8, 7], "texture": "#0"},
				"down": {"uv": [11, 8, 8, 9], "texture": "#0"}
			}
		},
		{
			"name": "Propeller5",
			"from": [2, 7.5, 6],
			"to": [14, 7.75, 10],
			"rotation": {"angle": 0, "axis": "y", "origin": [8, -0.5, 8]},
			"faces": {
				"north": {"uv": [0, 10.25, 3, 10.5], "texture": "#0"},
				"east": {"uv": [7, 11, 8, 11.25], "texture": "#0"},
				"south": {"uv": [10, 10.25, 13, 10.5], "texture": "#0"},
				"west": {"uv": [2.5, 11.25, 3.5, 11.5], "texture": "#0"},
				"up": {"uv": [12, 1, 9, 0], "texture": "#0"},
				"down": {"uv": [12, 1, 9, 2], "texture": "#0"}
			}
		},
		{
			"name": "Propeller6",
			"from": [2, 7.5, 6],
			"to": [14, 7.75, 10],
			"rotation": {"angle": -22.5, "axis": "y", "origin": [8, -0.5, 8]},
			"faces": {
				"north": {"uv": [0, 10.5, 3, 10.75], "texture": "#0"},
				"east": {"uv": [3.5, 11.25, 4.5, 11.5], "texture": "#0"},
				"south": {"uv": [10, 10.5, 13, 10.75], "texture": "#0"},
				"west": {"uv": [4.5, 11.25, 5.5, 11.5], "texture": "#0"},
				"up": {"uv": [12, 3, 9, 2], "texture": "#0"},
				"down": {"uv": [12, 3, 9, 4], "texture": "#0"}
			}
		},
		{
			"name": "Propeller7",
			"from": [2, 7.5, 6],
			"to": [14, 7.75, 10],
			"rotation": {"angle": -45, "axis": "y", "origin": [8, -0.5, 8]},
			"faces": {
				"north": {"uv": [0, 10.75, 3, 11], "texture": "#0"},
				"east": {"uv": [7, 11.25, 8, 11.5], "texture": "#0"},
				"south": {"uv": [10, 10.75, 13, 11], "texture": "#0"},
				"west": {"uv": [10, 11.25, 11, 11.5], "texture": "#0"},
				"up": {"uv": [12, 5, 9, 4], "texture": "#0"},
				"down": {"uv": [12, 5, 9, 6], "texture": "#0"}
			}
		},
		{
			"name": "Propeller8",
			"from": [6, 7.5, 2],
			"to": [10, 7.75, 14],
			"rotation": {"angle": 22.5, "axis": "y", "origin": [8, -0.5, 8]},
			"faces": {
				"north": {"uv": [11, 11.25, 12, 11.5], "texture": "#0"},
				"east": {"uv": [0, 11, 3, 11.25], "texture": "#0"},
				"south": {"uv": [0, 11.5, 1, 11.75], "texture": "#0"},
				"west": {"uv": [3, 11, 6, 11.25], "texture": "#0"},
				"up": {"uv": [9, 12, 8, 9], "texture": "#0"},
				"down": {"uv": [10, 9, 9, 12], "texture": "#0"}
			}
		},
		{
			"name": "Propeller9",
			"from": [7.5, 6, 7.5],
			"to": [8.5, 8.25, 8.5],
			"rotation": {"angle": 0, "axis": "y", "origin": [8, -2, 8]},
			"faces": {
				"north": {"uv": [5.5, 11.25, 5.75, 11.75], "texture": "#0"},
				"east": {"uv": [5.75, 11.25, 6, 11.75], "texture": "#0"},
				"south": {"uv": [1, 11.5, 1.25, 12], "texture": "#0"},
				"west": {"uv": [1.25, 11.5, 1.5, 12], "texture": "#0"},
				"up": {"uv": [1.75, 11.75, 1.5, 11.5], "texture": "#0"},
				"down": {"uv": [2, 11.5, 1.75, 11.75], "texture": "#0"}
			}
		},
		{
			"name": "Hat1",
			"from": [2, 0, 2],
			"to": [14, 5, 14],
			"rotation": {"angle": 0, "axis": "y", "origin": [8, 5, 8]},
			"faces": {
				"north": {"uv": [0, 6, 3, 7.25], "texture": "#0"},
				"east": {"uv": [6, 0, 9, 1.25], "texture": "#0"},
				"south": {"uv": [6, 2, 9, 3.25], "texture": "#0"},
				"west": {"uv": [0, 8, 3, 9.25], "texture": "#0"},
				"up": {"uv": [3, 3, 0, 0], "texture": "#0"},
				"down": {"uv": [3, 3, 0, 6], "texture": "#0"}
			}
		},
		{
			"name": "Hat3",
			"from": [3, 5, 2],
			"to": [13, 6, 14],
			"rotation": {"angle": 0, "axis": "y", "origin": [8, -3, 8]},
			"faces": {
				"north": {"uv": [11, 8, 13.5, 8.25], "texture": "#0"},
				"east": {"uv": [11, 7, 14, 7.25], "texture": "#0"},
				"south": {"uv": [11, 8.25, 13.5, 8.5], "texture": "#0"},
				"west": {"uv": [11, 7.25, 14, 7.5], "texture": "#0"},
				"up": {"uv": [5.5, 8, 3, 5], "texture": "#0"},
				"down": {"uv": [8, 5, 5.5, 8], "texture": "#0"}
			}
		},
		{
			"name": "Hat5",
			"from": [2, 5, 3],
			"to": [3, 6, 13],
			"rotation": {"angle": 0, "axis": "y", "origin": [-3, -3, 8]},
			"faces": {
				"north": {"uv": [2, 11.5, 2.25, 11.75], "texture": "#0"},
				"east": {"uv": [11, 8.5, 13.5, 8.75], "texture": "#0"},
				"south": {"uv": [2.25, 11.5, 2.5, 11.75], "texture": "#0"},
				"west": {"uv": [11, 8.75, 13.5, 9], "texture": "#0"},
				"up": {"uv": [6.25, 13.5, 6, 11], "texture": "#0"},
				"down": {"uv": [6.5, 11, 6.25, 13.5], "texture": "#0"}
			}
		},
		{
			"name": "Hat6",
			"from": [13, 5, 3],
			"to": [14, 6, 13],
			"rotation": {"angle": 0, "axis": "y", "origin": [8, -3, 8]},
			"faces": {
				"north": {"uv": [2.5, 11.5, 2.75, 11.75], "texture": "#0"},
				"east": {"uv": [10, 11, 12.5, 11.25], "texture": "#0"},
				"south": {"uv": [2.75, 11.5, 3, 11.75], "texture": "#0"},
				"west": {"uv": [0, 11.25, 2.5, 11.5], "texture": "#0"},
				"up": {"uv": [6.75, 13.5, 6.5, 11], "texture": "#0"},
				"down": {"uv": [7, 11, 6.75, 13.5], "texture": "#0"}
			}
		},
		{
			"name": "Brim",
			"from": [2, 0, -6],
			"to": [14, 1, 2],
			"rotation": {"angle": 0, "axis": "x", "origin": [8, 5, 8]},
			"faces": {
				"north": {"uv": [9, 6, 12, 6.25], "texture": "#0"},
				"east": {"uv": [11, 7.5, 13.5, 7.75], "texture": "#0"},
				"south": {"uv": [9, 6.25, 12, 6.5], "texture": "#0"},
				"west": {"uv": [11, 7.75, 13.5, 8], "texture": "#0"},
				"up": {"uv": [6, 2.5, 3, 0.5], "texture": "#0"},
				"down": {"uv": [6, 3, 3, 5], "texture": "#0"}
			}
		}
	],
	"display": {
		"thirdperson_righthand": {
			"rotation": [-125.25, 0, -180],
			"translation": [0, 8.25, -0.5],
			"scale": [0.7, 0.7, 0.7]
		},
		"thirdperson_lefthand": {
			"rotation": [-125.25, 0, -180],
			"translation": [0, 8.25, -0.5],
			"scale": [0.7, 0.7, 0.7]
		},
		"firstperson_righthand": {
			"rotation": [0, 180, 0],
			"translation": [-3.5, 7, -2],
			"scale": [0.7, 0.7, 0.7]
		},
		"firstperson_lefthand": {
			"rotation": [0, 180, 0],
			"translation": [-3.5, 7, -2],
			"scale": [0.7, 0.7, 0.7]
		},
		"ground": {
			"translation": [0, 4.25, 0],
			"scale": [0.9, 0.9, 0.9]
		},
		"gui": {
			"rotation": [20, -145, 0],
			"translation": [-1.5, 3, 0],
			"scale": [0.7, 0.7, 0.7]
		},
		"head": {
			"translation": [0, 12.25, 0],
			"scale": [1.12, 1.12, 1.12]
		},
		"fixed": {
			"rotation": [0, 90, 0],
			"translation": [3.25, 4, -1.75],
			"scale": [0.8, 0.8, 0.8]
		}
	},
	"groups": [
		{
			"name": "Propeller",
			"origin": [-3, 0, 8],
			"color": 0,
			"children": [0, 1, 2, 3, 4, 5, 6, 7, 8]
		},
		{
			"name": "Hat Main",
			"origin": [8, 8, 8],
			"color": 0,
			"children": [9, 10, 11, 12]
		},
		13
	]
}
